Entity,Code,Year,"Police Officers per 1,000 people"
Albania,ALB,1997,5.567563
Albania,ALB,2001,5.0461535
Albania,ALB,2002,4.672942
Albania,ALB,2003,5.097228
Albania,ALB,2004,5.094565
Albania,ALB,2005,4.4866495
Albania,ALB,2006,4.5087166
Albania,ALB,2007,4.2659745
Albania,ALB,2008,4.2531314
Albania,ALB,2009,4.1524987
Albania,ALB,2010,4.3195777
Albania,ALB,2011,4.3472414
Albania,ALB,2012,4.353917
Albania,ALB,2013,4.2709017
Albania,ALB,2014,4.3253007
Albania,ALB,2015,4.3635073
Algeria,DZA,2006,4.2379313
Algeria,DZA,2007,4.479981
Algeria,DZA,2008,4.738812
Algeria,DZA,2009,5.128379
Algeria,DZA,2010,5.2093277
Algeria,DZA,2011,5.2260923
Algeria,DZA,2012,5.567831
Algeria,DZA,2013,5.3859377
Algeria,DZA,2014,5.20657
Algeria,DZA,2015,5.365848
Argentina,ARG,1982,2.1811347
Argentina,ARG,1984,2.1381705
Argentina,ARG,1986,2.0255716
Argentina,ARG,1999,6.435065
Argentina,ARG,2007,2.9591238
Argentina,ARG,2012,7.816024
Argentina,ARG,2014,8.948506
Argentina,ARG,2015,9.032981
Australia,AUS,1973,2.7666667
Australia,AUS,1975,2.9545815
Australia,AUS,1976,3.0091927
Australia,AUS,1977,3.0394588
Australia,AUS,1978,3.0504942
Australia,AUS,1979,3.1351109
Australia,AUS,1980,3.1538932
Australia,AUS,1982,3.2288182
Australia,AUS,1984,3.241251
Australia,AUS,1986,3.3056607
Australia,AUS,1990,3.8216655
Australia,AUS,1994,3.758163
Australia,AUS,1995,3.050188
Australia,AUS,1997,3.0528703
Australia,AUS,1998,3.24686
Australia,AUS,1999,3.2175312
Australia,AUS,2000,3.195322
Australia,AUS,2001,3.948488
Australia,AUS,2002,4.043651
Australia,AUS,2003,3.220865
Australia,AUS,2004,3.2296965
Australia,AUS,2005,3.2163002
Australia,AUS,2007,3.4372945
Australia,AUS,2008,3.467387
Australia,AUS,2009,3.4983287
Australia,AUS,2010,3.6334264
Australia,AUS,2011,3.67775
Australia,AUS,2012,3.6559017
Australia,AUS,2013,3.6515577
Australia,AUS,2014,3.6828582
Australia,AUS,2015,3.635115
Austria,AUT,1973,4.420328
Austria,AUT,1975,4.5169997
Austria,AUT,1976,4.5430455
Austria,AUT,1977,4.595594
Austria,AUT,1978,4.5966544
Austria,AUT,1979,4.593916
Austria,AUT,1980,4.5974884
Austria,AUT,1982,4.591827
Austria,AUT,1984,4.5847697
Austria,AUT,1986,4.6534677
Austria,AUT,1990,4.630834
Austria,AUT,1994,4.7139063
Austria,AUT,2001,4.1103067
Austria,AUT,2002,4.0380015
Austria,AUT,2004,4.3175616
Austria,AUT,2005,4.295037
Austria,AUT,2006,4.219755
Austria,AUT,2007,4.2093353
Austria,AUT,2008,4.1993046
Austria,AUT,2009,4.1909347
Austria,AUT,2010,4.288613
Austria,AUT,2011,4.3028097
Austria,AUT,2012,4.297038
Austria,AUT,2013,4.276539
Austria,AUT,2014,4.264486
Austria,AUT,2015,4.2718964
Azerbaijan,AZE,2001,5.037257
Azerbaijan,AZE,2002,5.022785
Azerbaijan,AZE,2005,2.3970697
Azerbaijan,AZE,2006,2.3785055
Bahamas,BHS,1975,7.1625776
Bahamas,BHS,1976,7.2154946
Bahamas,BHS,1977,7.0623584
Bahamas,BHS,1978,7.198173
Bahamas,BHS,1979,7.013454
Bahamas,BHS,1980,7.0998764
Bahamas,BHS,1982,7.2195263
Bahamas,BHS,1984,7.743068
Bahamas,BHS,1986,7.5736933
Bahamas,BHS,1990,8.981649
Bahamas,BHS,1994,8.385251
Bahamas,BHS,1995,8.095162
Bahamas,BHS,1997,7.9898386
Bahamas,BHS,2005,7.2415905
Bahamas,BHS,2006,7.5634117
Bahamas,BHS,2007,7.898285
Bahamas,BHS,2008,8.0054245
Bahamas,BHS,2009,8.105811
Bahamas,BHS,2010,8.32755
Bahamas,BHS,2011,8.248215
Bahamas,BHS,2012,8.425052
Bahrain,BHR,1973,14.132661
Bahrain,BHR,2003,18.901903
Bahrain,BHR,2004,17.442057
Bangladesh,BGD,1975,1.816396
Bangladesh,BGD,1976,1.7978534
Bangladesh,BGD,1977,1.7909981
Bangladesh,BGD,1978,1.7891644
Bangladesh,BGD,1979,1.7959819
Bangladesh,BGD,1980,1.8223064
Bangladesh,BGD,1982,1.8181659
Bangladesh,BGD,1984,1.7845709
Bangladesh,BGD,1986,1.7693014
Bangladesh,BGD,2005,1.821927
Bangladesh,BGD,2006,1.8505775
Barbados,BRB,1973,4.588906
Barbados,BRB,1982,1.6100966
Barbados,BRB,1984,1.5173919
Barbados,BRB,1986,1.4932472
Barbados,BRB,1998,5.98926
Barbados,BRB,1999,6.0559688
Barbados,BRB,2000,6.161121
Barbados,BRB,2007,6.1239524
Barbados,BRB,2008,6.098894
Barbados,BRB,2009,6.214281
Barbados,BRB,2010,6.1651487
Barbados,BRB,2011,6.1175685
Barbados,BRB,2012,6.0536256
Barbados,BRB,2013,5.966319
Barbados,BRB,2014,6.03917
Barbados,BRB,2015,5.9434404
Belarus,BLR,2003,4.5670104
Belarus,BLR,2004,4.299075
Belgium,BEL,1990,4.279799
Belgium,BEL,1994,4.4315305
Belgium,BEL,1995,1.1398861
Belgium,BEL,1997,1.140749
Belgium,BEL,2002,4.5750284
Belgium,BEL,2003,4.500148
Belgium,BEL,2004,4.5512443
Belgium,BEL,2005,4.7133718
Belgium,BEL,2006,4.6938906
Belgium,BEL,2007,4.643807
Belgium,BEL,2008,4.602343
Belgium,BEL,2009,4.6979604
Belgium,BEL,2010,4.664236
Belgium,BEL,2011,4.425677
Belgium,BEL,2012,4.4456463
Belgium,BEL,2013,4.4456434
Belgium,BEL,2014,4.435426
Belgium,BEL,2015,4.4017477
Belize,BLZ,2005,4.4877276
Belize,BLZ,2006,4.742034
Belize,BLZ,2009,4.7015214
Belize,BLZ,2010,4.7125826
Belize,BLZ,2011,4.769825
Belize,BLZ,2012,4.685697
Belize,BLZ,2013,5.340588
Belize,BLZ,2014,5.9075074
Bhutan,BTN,2012,6.4631433
Bhutan,BTN,2013,6.556314
Bolivia,BOL,2001,3.1316023
Bolivia,BOL,2002,3.189781
Bolivia,BOL,2005,3.782671
Bolivia,BOL,2006,3.8548977
Bolivia,BOL,2007,4.5506077
Bolivia,BOL,2008,4.607531
Bolivia,BOL,2009,4.6445055
Bolivia,BOL,2010,4.6342115
Bolivia,BOL,2011,4.5629244
Bosnia and Herzegovina,BIH,2005,3.177158
Bosnia and Herzegovina,BIH,2006,3.7325342
Bosnia and Herzegovina,BIH,2007,2.533604
Bosnia and Herzegovina,BIH,2008,2.524137
Bosnia and Herzegovina,BIH,2009,1.7222108
Bosnia and Herzegovina,BIH,2010,5.338691
Bosnia and Herzegovina,BIH,2011,5.3910856
Bosnia and Herzegovina,BIH,2012,5.3681216
Bosnia and Herzegovina,BIH,2013,5.2978573
Bosnia and Herzegovina,BIH,2014,5.1542306
Bosnia and Herzegovina,BIH,2015,5.0533633
Botswana,BWA,1982,2.809095
Botswana,BWA,1984,2.908908
Botswana,BWA,1986,2.9808164
Botswana,BWA,2009,5.306969
Botswana,BWA,2011,5.206333
Brazil,BRA,2006,2.8865092
Brazil,BRA,2007,2.5596533
Brazil,BRA,2008,2.7760565
Brazil,BRA,2009,2.6911278
Brazil,BRA,2010,2.3874686
Brazil,BRA,2011,3.5741932
Brazil,BRA,2012,3.4073675
Brazil,BRA,2013,3.624203
Brunei,BRN,2005,12.644455
Brunei,BRN,2006,12.139482
Bulgaria,BGR,2008,5.5111413
Bulgaria,BGR,2009,5.124821
Bulgaria,BGR,2010,4.980611
Bulgaria,BGR,2011,4.995194
Bulgaria,BGR,2012,4.8553834
Bulgaria,BGR,2013,4.685007
Bulgaria,BGR,2014,4.8996735
Bulgaria,BGR,2015,4.1420517
Burundi,BDI,2006,3.386935
Burundi,BDI,2013,2.3384345
Burundi,BDI,2014,2.4951658
Cameroon,CMR,2013,1.172841
Canada,CAN,1973,3.6012757
Canada,CAN,1975,3.6767633
Canada,CAN,1976,3.7075005
Canada,CAN,1977,3.7331064
Canada,CAN,1978,3.727034
Canada,CAN,1979,3.6870286
Canada,CAN,1980,3.7116256
Canada,CAN,1982,3.1293151
Canada,CAN,1984,3.0660648
Canada,CAN,1986,3.083804
Canada,CAN,1990,3.593609
Canada,CAN,1994,3.5016565
Canada,CAN,1995,2.8739524
Canada,CAN,1997,2.8247452
Canada,CAN,1998,2.8104727
Canada,CAN,1999,2.8138509
Canada,CAN,2000,2.8206222
Canada,CAN,2001,2.8363097
Canada,CAN,2002,2.8628275
Canada,CAN,2003,2.8756156
Canada,CAN,2004,2.8690422
Canada,CAN,2005,2.8886483
Canada,CAN,2006,2.9177167
Canada,CAN,2007,2.9500773
Canada,CAN,2008,2.9636483
Canada,CAN,2009,2.9995794
Canada,CAN,2010,3.0310967
Canada,CAN,2011,3.0215018
Canada,CAN,2012,3.0000587
Canada,CAN,2013,2.96982
Canada,CAN,2014,2.9358165
Canada,CAN,2015,2.9136653
Cape Verde,CPV,2008,3.9866233
Cape Verde,CPV,2009,4.7643347
Cape Verde,CPV,2010,4.4667063
Cape Verde,CPV,2011,4.4009275
Cape Verde,CPV,2012,4.461976
Cape Verde,CPV,2013,4.6115746
Cape Verde,CPV,2014,4.4325347
Cape Verde,CPV,2015,4.5062304
Chile,CHL,1973,4.417784
Chile,CHL,1990,3.5020566
Chile,CHL,1994,3.7152934
Chile,CHL,1995,1.188572
Chile,CHL,1997,1.2096493
Chile,CHL,1998,2.924709
Chile,CHL,1999,2.9297063
Chile,CHL,2000,2.9190648
Chile,CHL,2001,2.899447
Chile,CHL,2002,2.90208
Chile,CHL,2003,1.2247485
Chile,CHL,2004,2.9389663
Chile,CHL,2005,2.894192
Chile,CHL,2006,2.94131
Chile,CHL,2007,2.933158
Chile,CHL,2008,3.004152
Chile,CHL,2009,3.0789711
Chile,CHL,2010,3.145689
Chile,CHL,2011,3.3807495
Chile,CHL,2012,3.6970222
Chile,CHL,2013,3.7335262
Chile,CHL,2014,3.783932
Chile,CHL,2015,3.833608
China,CHN,1995,1.8770491
China,CHN,1997,1.9609048
Colombia,COL,1975,3.2902746
Colombia,COL,1976,3.1622186
Colombia,COL,1977,2.9161603
Colombia,COL,1978,2.7132525
Colombia,COL,1979,2.6737294
Colombia,COL,1980,2.6412354
Colombia,COL,1990,3.2881117
Colombia,COL,1994,3.6422625
Colombia,COL,1995,3.338854
Colombia,COL,1997,3.460545
Colombia,COL,1998,3.6954434
Colombia,COL,1999,3.6228194
Colombia,COL,2000,3.2847018
Colombia,COL,2004,3.8739712
Colombia,COL,2005,3.9661112
Colombia,COL,2006,4.1797338
Colombia,COL,2007,4.056791
Colombia,COL,2008,4.2486773
Colombia,COL,2009,4.2523804
Colombia,COL,2010,4.371285
Colombia,COL,2011,4.4344363
Colombia,COL,2012,4.4308767
Colombia,COL,2013,4.667287
Colombia,COL,2014,4.117758
Costa Rica,CRI,1982,1.2859036
Costa Rica,CRI,1984,1.2742271
Costa Rica,CRI,1986,1.2733676
Costa Rica,CRI,1995,3.9181788
Costa Rica,CRI,1997,3.7132165
Costa Rica,CRI,1998,1.3604771
Costa Rica,CRI,1999,1.3717071
Costa Rica,CRI,2000,1.3789202
Costa Rica,CRI,2001,3.5593696
Costa Rica,CRI,2002,3.4729836
Costa Rica,CRI,2003,1.2085758
Costa Rica,CRI,2004,1.2138314
Costa Rica,CRI,2005,3.613091
Costa Rica,CRI,2006,3.2245224
Costa Rica,CRI,2007,3.171433
Costa Rica,CRI,2008,3.318543
Costa Rica,CRI,2009,3.5036426
Costa Rica,CRI,2010,3.5653021
Costa Rica,CRI,2011,3.7062354
Costa Rica,CRI,2012,3.7813897
Costa Rica,CRI,2013,3.8072214
Costa Rica,CRI,2015,3.7985482
Cote d'Ivoire,CIV,2008,1.8187255
Croatia,HRV,1994,7.485807
Croatia,HRV,1997,5.2053804
Croatia,HRV,2001,6.168018
Croatia,HRV,2002,5.487387
Croatia,HRV,2003,5.5322065
Croatia,HRV,2004,5.3622437
Croatia,HRV,2005,5.229401
Croatia,HRV,2006,5.2396398
Croatia,HRV,2007,5.61542
Croatia,HRV,2008,5.4701686
Croatia,HRV,2009,5.5616717
Croatia,HRV,2010,5.7186584
Croatia,HRV,2011,5.9371324
Croatia,HRV,2012,6.0002832
Croatia,HRV,2013,5.875121
Croatia,HRV,2014,5.8513713
Croatia,HRV,2015,5.8786445
Cyprus,CYP,1973,6.052676
Cyprus,CYP,1975,6.5959554
Cyprus,CYP,1976,6.3199415
Cyprus,CYP,1977,6.1553054
Cyprus,CYP,1978,6.271429
Cyprus,CYP,1979,6.254311
Cyprus,CYP,1980,6.25528
Cyprus,CYP,1982,6.310021
Cyprus,CYP,1984,6.40907
Cyprus,CYP,1986,6.307859
Cyprus,CYP,1990,5.9634037
Cyprus,CYP,1994,5.584515
Cyprus,CYP,1995,5.4482684
Cyprus,CYP,1997,5.5939693
Cyprus,CYP,2001,5.9454956
Cyprus,CYP,2002,5.826116
Cyprus,CYP,2003,5.7818465
Cyprus,CYP,2004,5.837438
Cyprus,CYP,2005,5.963267
Cyprus,CYP,2006,5.911794
Cyprus,CYP,2007,5.9095054
Cyprus,CYP,2008,5.976742
Cyprus,CYP,2009,5.9088206
Cyprus,CYP,2010,5.827465
Cyprus,CYP,2011,5.7562165
Cyprus,CYP,2012,5.6603966
Cyprus,CYP,2013,5.3962607
Cyprus,CYP,2014,5.305435
Cyprus,CYP,2015,5.223805
Czechia,CZE,1995,5.286038
Czechia,CZE,1997,5.0204268
Czechia,CZE,1998,5.3327556
Czechia,CZE,1999,5.3777337
Czechia,CZE,2000,5.4624767
Czechia,CZE,2001,5.4725294
Czechia,CZE,2002,5.5831137
Czechia,CZE,2003,5.5728874
Czechia,CZE,2004,5.622588
Czechia,CZE,2005,5.461467
Czechia,CZE,2006,5.469228
Czechia,CZE,2007,5.2812634
Czechia,CZE,2008,5.116383
Czechia,CZE,2009,5.17898
Czechia,CZE,2010,4.935687
Czechia,CZE,2011,4.719195
Czechia,CZE,2012,4.64987
Czechia,CZE,2013,4.6858473
Czechia,CZE,2014,4.7418246
Czechia,CZE,2015,4.771915
Denmark,DNK,1973,2.7710567
Denmark,DNK,1975,3.1840518
Denmark,DNK,1976,3.1793575
Denmark,DNK,1977,3.1794589
Denmark,DNK,1978,3.1940548
Denmark,DNK,1979,3.2027435
Denmark,DNK,1980,3.2080693
Denmark,DNK,1982,2.7290597
Denmark,DNK,1984,2.7896483
Denmark,DNK,1986,2.8388708
Denmark,DNK,1990,3.507324
Denmark,DNK,1994,3.3764067
Denmark,DNK,1995,2.965463
Denmark,DNK,1997,2.898395
Denmark,DNK,1998,2.916776
Denmark,DNK,1999,2.9277315
Denmark,DNK,2000,2.9503276
Denmark,DNK,2002,2.9202256
Denmark,DNK,2003,2.9203892
Denmark,DNK,2004,2.9396715
Denmark,DNK,2005,2.9585075
Denmark,DNK,2006,3.0159006
Denmark,DNK,2007,2.9829943
Denmark,DNK,2008,2.9549944
Denmark,DNK,2009,2.963573
Denmark,DNK,2010,2.9979513
Denmark,DNK,2011,2.9509666
Denmark,DNK,2012,2.9309418
Denmark,DNK,2013,2.9141815
Denmark,DNK,2014,2.8786812
Denmark,DNK,2015,2.8579733
Dominican Republic,DOM,2005,4.026447
Dominican Republic,DOM,2006,4.1326385
Dominican Republic,DOM,2012,4.3326325
Dominican Republic,DOM,2014,4.380472
Ecuador,ECU,2004,3.5210135
Ecuador,ECU,2005,3.4007604
Ecuador,ECU,2006,3.7656364
Ecuador,ECU,2009,3.5084217
Ecuador,ECU,2010,3.4658027
Ecuador,ECU,2011,3.5283186
Ecuador,ECU,2012,3.6265452
Ecuador,ECU,2013,3.5859902
Ecuador,ECU,2014,3.7411954
Egypt,EGY,1982,9.738516
Egypt,EGY,1984,10.286788
Egypt,EGY,1986,8.214258
Egypt,EGY,1990,1.3507134
Egypt,EGY,1994,1.3569041
El Salvador,SLV,2001,3.7037916
El Salvador,SLV,2002,3.6877782
El Salvador,SLV,2005,3.796439
El Salvador,SLV,2006,3.8046658
El Salvador,SLV,2007,3.87785
El Salvador,SLV,2008,3.9364448
El Salvador,SLV,2009,4.230329
El Salvador,SLV,2010,4.4100623
El Salvador,SLV,2011,4.5265512
El Salvador,SLV,2012,4.5640926
El Salvador,SLV,2013,4.6573567
El Salvador,SLV,2014,4.764916
El Salvador,SLV,2015,4.7693114
Estonia,EST,1994,5.471068
Estonia,EST,1995,4.453907
Estonia,EST,1997,4.1439013
Estonia,EST,1998,3.9498844
Estonia,EST,1999,3.6053066
Estonia,EST,2000,3.6527638
Estonia,EST,2003,3.5920687
Estonia,EST,2004,3.5833917
Estonia,EST,2005,3.5184994
Estonia,EST,2006,3.4041994
Estonia,EST,2007,3.4226513
Estonia,EST,2008,3.4067187
Estonia,EST,2009,3.3851361
Estonia,EST,2010,4.418765
Estonia,EST,2011,4.377933
Estonia,EST,2012,4.344684
Estonia,EST,2013,4.201828
Estonia,EST,2014,4.110582
Estonia,EST,2015,3.983487
Eswatini,SWZ,1998,3.275701
Eswatini,SWZ,1999,3.2515838
Eswatini,SWZ,2000,3.2722251
Eswatini,SWZ,2003,3.4688654
Eswatini,SWZ,2004,3.682743
Fiji,FJI,1975,3.1575048
Fiji,FJI,1976,3.1888542
Fiji,FJI,1977,3.3200772
Fiji,FJI,1995,3.4097877
Fiji,FJI,1997,3.3855815
Finland,FIN,1973,4.396212
Finland,FIN,1975,3.304391
Finland,FIN,1976,3.3179812
Finland,FIN,1977,3.3163593
Finland,FIN,1978,3.3153994
Finland,FIN,1979,3.311588
Finland,FIN,1980,3.3226106
Finland,FIN,1982,3.384951
Finland,FIN,1984,3.39051
Finland,FIN,1986,3.3563719
Finland,FIN,1990,3.3948991
Finland,FIN,1994,3.322175
Finland,FIN,1995,2.5909033
Finland,FIN,1997,2.52573
Finland,FIN,1998,2.548657
Finland,FIN,1999,2.5477767
Finland,FIN,2000,2.5776026
Finland,FIN,2001,2.594639
Finland,FIN,2002,2.6003928
Finland,FIN,2003,2.5898674
Finland,FIN,2004,2.5774155
Finland,FIN,2005,2.5701199
Finland,FIN,2006,2.5783472
Finland,FIN,2007,2.54215
Finland,FIN,2008,2.53367
Finland,FIN,2009,2.544896
Finland,FIN,2010,2.5106225
Finland,FIN,2011,2.5071623
Finland,FIN,2012,2.4734101
Finland,FIN,2013,2.4120314
Finland,FIN,2014,2.4036407
Finland,FIN,2015,2.3974853
France,FRA,1973,4.711051
France,FRA,1982,4.515259
France,FRA,1984,4.493635
France,FRA,1986,4.4949946
France,FRA,1990,4.270204
France,FRA,1994,4.399803
France,FRA,1998,2.9052033
France,FRA,1999,2.9902318
France,FRA,2000,3.0404177
France,FRA,2006,4.0805526
France,FRA,2007,4.0570064
France,FRA,2008,4.015752
France,FRA,2009,3.9545007
France,FRA,2010,3.8883932
France,FRA,2011,3.8247347
France,FRA,2012,3.8257475
France,FRA,2013,3.807108
France,FRA,2014,4.2320156
France,FRA,2015,4.3246965
Georgia,GEO,1998,3.730595
Georgia,GEO,1999,3.8716452
Georgia,GEO,2000,3.6043956
Georgia,GEO,2005,2.751074
Georgia,GEO,2006,2.3367987
Georgia,GEO,2007,3.0254776
Georgia,GEO,2008,3.1255584
Georgia,GEO,2009,3.330568
Georgia,GEO,2010,3.3892
Georgia,GEO,2014,3.5819695
Germany,DEU,1995,4.0330667
Germany,DEU,1997,4.13912
Germany,DEU,1998,4.092927
Germany,DEU,2000,3.9192994
Germany,DEU,2002,4.0319867
Germany,DEU,2003,3.9734955
Germany,DEU,2004,3.9903924
Germany,DEU,2005,4.0094547
Germany,DEU,2006,4.0382953
Germany,DEU,2007,4.0432
Germany,DEU,2008,4.0156946
Germany,DEU,2009,4.0005503
Germany,DEU,2010,3.979141
Germany,DEU,2011,3.9732018
Germany,DEU,2012,4.033628
Germany,DEU,2013,3.9838521
Greece,GRC,1973,5.367972
Greece,GRC,1975,4.8157125
Greece,GRC,1976,4.9136276
Greece,GRC,1977,4.874747
Greece,GRC,1978,4.7901545
Greece,GRC,1979,4.7068543
Greece,GRC,1980,4.6914682
Greece,GRC,1990,4.743661
Greece,GRC,1994,4.784125
Greece,GRC,1995,4.611304
Greece,GRC,1997,4.635316
Greece,GRC,2005,4.7538753
Greece,GRC,2006,4.787081
Greece,GRC,2007,4.6357965
Greece,GRC,2008,4.578405
Greece,GRC,2009,6.0717487
Greece,GRC,2010,5.8103013
Greece,GRC,2011,5.9723997
Greece,GRC,2012,5.94857
Greece,GRC,2013,5.8736863
Greece,GRC,2014,5.7721925
Greece,GRC,2015,5.7365417
Grenada,GRD,2005,8.508427
Grenada,GRD,2006,9.096148
Grenada,GRD,2007,9.002934
Grenada,GRD,2008,10.563763
Grenada,GRD,2009,9.974284
Grenada,GRD,2010,9.913133
Grenada,GRD,2011,10.355667
Grenada,GRD,2012,10.1964035
Grenada,GRD,2013,10.093311
Grenada,GRD,2014,9.895241
Guatemala,GTM,1998,2.7631505
Guatemala,GTM,1999,3.2433918
Guatemala,GTM,2000,3.3771482
Guatemala,GTM,2004,2.660233
Guatemala,GTM,2005,2.5780325
Guatemala,GTM,2006,2.5922859
Guatemala,GTM,2007,2.3417523
Guatemala,GTM,2008,2.38048
Guatemala,GTM,2009,2.569285
Guatemala,GTM,2010,2.6817515
Guatemala,GTM,2011,2.6012726
Guatemala,GTM,2012,2.5987628
Guatemala,GTM,2013,2.7477765
Guatemala,GTM,2014,2.9256976
Guinea,GIN,2006,1.4657365
Guinea,GIN,2007,1.4467856
Guinea,GIN,2008,1.5386792
Guyana,GUY,1973,6.0321536
Guyana,GUY,2010,5.3073583
Guyana,GUY,2011,5.2599187
Guyana,GUY,2012,5.328793
Guyana,GUY,2013,5.200869
Guyana,GUY,2015,5.745237
Honduras,HND,1982,2.3313293
Honduras,HND,1984,2.4107034
Honduras,HND,1986,2.397002
Honduras,HND,2011,2.7315686
Honduras,HND,2012,2.577145
Honduras,HND,2013,2.473807
Honduras,HND,2015,2.4711967
Hungary,HUN,1990,3.3451927
Hungary,HUN,1994,3.904377
Hungary,HUN,1998,3.8765206
Hungary,HUN,1999,3.9184773
Hungary,HUN,2000,3.8276446
Hungary,HUN,2001,3.83139
Hungary,HUN,2002,3.8658452
Hungary,HUN,2003,2.0852406
Hungary,HUN,2004,1.8753213
Hungary,HUN,2005,1.8659606
Hungary,HUN,2006,1.8675086
Hungary,HUN,2007,1.8381249
Hungary,HUN,2008,1.8934879
Hungary,HUN,2009,1.9140297
Hungary,HUN,2010,1.872398
Hungary,HUN,2011,1.8685557
Hungary,HUN,2012,1.8667023
Hungary,HUN,2013,1.8477641
Hungary,HUN,2014,1.8763906
Iceland,ISL,1995,3.2694302
Iceland,ISL,1997,3.2535481
Iceland,ISL,1998,3.2696836
Iceland,ISL,1999,3.29648
Iceland,ISL,2000,3.3683786
Iceland,ISL,2001,3.8213694
Iceland,ISL,2002,3.86238
Iceland,ISL,2003,3.7735467
Iceland,ISL,2004,3.704794
Iceland,ISL,2005,3.692647
Iceland,ISL,2006,3.7025962
Iceland,ISL,2007,3.6543334
Iceland,ISL,2008,3.5802264
Iceland,ISL,2009,3.6185324
Iceland,ISL,2010,3.084637
Iceland,ISL,2011,3.0187204
Iceland,ISL,2012,3.0267155
Iceland,ISL,2013,3.0138125
Iceland,ISL,2014,2.9945872
Iceland,ISL,2015,2.9609926
India,IND,1975,1.96877
India,IND,1976,1.9269148
India,IND,1977,1.9124298
India,IND,1978,1.9432462
India,IND,1979,1.9503354
India,IND,1980,1.9114927
India,IND,1990,2.296667
India,IND,1994,2.312807
India,IND,1995,2.01383
India,IND,1997,1.9968882
India,IND,1998,2.011403
India,IND,1999,2.0077474
India,IND,2004,2.1871095
India,IND,2005,2.1734922
India,IND,2006,2.209909
India,IND,2007,2.2081022
India,IND,2008,2.2310014
India,IND,2009,2.282754
India,IND,2010,2.2837782
India,IND,2011,2.33084
India,IND,2012,2.3253949
India,IND,2013,2.353293
Indonesia,IDN,1973,1.820539
Indonesia,IDN,1982,2.1017547
Indonesia,IDN,2010,2.6114233
Iraq,IRQ,2011,8.200711
Iraq,IRQ,2012,7.9480853
Iraq,IRQ,2013,9.1578665
Ireland,IRL,1973,3.6698425
Ireland,IRL,1975,3.5755987
Ireland,IRL,1976,3.6139185
Ireland,IRL,1977,3.689964
Ireland,IRL,1978,3.8196812
Ireland,IRL,1979,3.83631
Ireland,IRL,1980,3.8955696
Ireland,IRL,1995,3.999578
Ireland,IRL,1997,3.9851632
Ireland,IRL,1998,4.026103
Ireland,IRL,1999,4.051572
Ireland,IRL,2000,4.0595183
Ireland,IRL,2003,4.006865
Ireland,IRL,2004,3.9995613
Ireland,IRL,2005,3.948138
Ireland,IRL,2006,4.031174
Ireland,IRL,2007,4.1268883
Ireland,IRL,2008,4.209903
Ireland,IRL,2009,4.2074523
Ireland,IRL,2010,4.152744
Ireland,IRL,2011,4.0357494
Ireland,IRL,2012,3.926597
Ireland,IRL,2013,3.8473604
Ireland,IRL,2014,3.7729313
Israel,ISR,1995,5.234987
Israel,ISR,1997,5.247772
Israel,ISR,2003,4.294617
Israel,ISR,2004,4.1860776
Israel,ISR,2006,4.94488
Israel,ISR,2007,4.972925
Israel,ISR,2008,4.735497
Israel,ISR,2009,4.726755
Israel,ISR,2010,4.635815
Israel,ISR,2011,4.493265
Italy,ITA,1980,2.3197923
Italy,ITA,1982,2.2253916
Italy,ITA,1984,2.3559465
Italy,ITA,1986,2.344473
Italy,ITA,1995,6.562686
Italy,ITA,1997,6.4275613
Italy,ITA,1998,6.501123
Italy,ITA,1999,6.6519113
Italy,ITA,2000,6.6689153
Italy,ITA,2001,6.627811
Italy,ITA,2002,6.6420164
Italy,ITA,2003,6.64411
Italy,ITA,2004,6.644971
Italy,ITA,2005,6.675607
Italy,ITA,2006,6.5782046
Italy,ITA,2007,4.8591123
Italy,ITA,2008,4.826101
Italy,ITA,2009,5.968088
Italy,ITA,2010,5.660392
Italy,ITA,2011,5.689518
Italy,ITA,2012,5.6481576
Italy,ITA,2013,5.5906835
Italy,ITA,2015,5.571097
Jamaica,JAM,1973,3.3940742
Jamaica,JAM,1982,3.7912366
Jamaica,JAM,1984,3.7220495
Jamaica,JAM,1986,3.4749548
Jamaica,JAM,1998,3.6595953
Jamaica,JAM,1999,3.7832925
Jamaica,JAM,2000,3.716085
Jamaica,JAM,2010,5.583726
Jamaica,JAM,2011,5.0187593
Jamaica,JAM,2014,5.335881
Jamaica,JAM,2015,5.229711
Japan,JPN,1973,3.0149615
Japan,JPN,1975,2.7598712
Japan,JPN,1976,2.7912407
Japan,JPN,1977,2.844322
Japan,JPN,1982,3.127439
Japan,JPN,1984,3.1132247
Japan,JPN,1986,3.1116285
Japan,JPN,1990,3.0912356
Japan,JPN,1994,3.073431
Japan,JPN,1995,2.7802439
Japan,JPN,1997,2.8134203
Japan,JPN,1998,2.7678742
Japan,JPN,1999,2.820529
Japan,JPN,2000,2.8188384
Japan,JPN,2001,2.793172
Japan,JPN,2002,2.818039
Japan,JPN,2005,2.9652038
Japan,JPN,2006,2.9913337
Japan,JPN,2007,3.0015469
Japan,JPN,2008,2.9740286
Japan,JPN,2009,2.981304
Japan,JPN,2010,2.9871948
Japan,JPN,2011,2.998165
Japan,JPN,2012,3.012363
Japan,JPN,2013,3.0190263
Japan,JPN,2014,3.0215242
Jordan,JOR,1990,7.3949533
Jordan,JOR,2005,2.1548696
Jordan,JOR,2006,2.2032154
Kazakhstan,KAZ,1994,9.237362
Kazakhstan,KAZ,1995,7.1047845
Kazakhstan,KAZ,1997,5.9369025
Kazakhstan,KAZ,1998,5.692959
Kazakhstan,KAZ,1999,5.5448866
Kazakhstan,KAZ,2000,5.6424165
Kazakhstan,KAZ,2003,4.8166165
Kazakhstan,KAZ,2004,5.172255
Kazakhstan,KAZ,2005,5.4828587
Kazakhstan,KAZ,2006,5.427987
Kazakhstan,KAZ,2007,5.472238
Kazakhstan,KAZ,2008,3.6327038
Kazakhstan,KAZ,2009,3.5654488
Kazakhstan,KAZ,2010,3.3682754
Kazakhstan,KAZ,2011,3.3862386
Kazakhstan,KAZ,2012,3.3971164
Kazakhstan,KAZ,2013,3.361981
Kazakhstan,KAZ,2014,3.4167075
Kazakhstan,KAZ,2015,3.4666348
Kenya,KEN,2005,2.0449224
Kenya,KEN,2006,1.9977949
Kenya,KEN,2007,2.1005745
Kenya,KEN,2008,2.1781318
Kenya,KEN,2009,2.0504715
Kenya,KEN,2010,2.009415
Kenya,KEN,2011,1.958934
Kenya,KEN,2012,2.0010114
Kenya,KEN,2013,1.9645736
Kenya,KEN,2014,1.8741611
Kenya,KEN,2015,1.8451844
Kosovo,OWID_KOS,2008,5.009424
Kosovo,OWID_KOS,2009,5.110194
Kosovo,OWID_KOS,2010,5.073932
Kosovo,OWID_KOS,2011,5.022989
Kosovo,OWID_KOS,2012,5.026147
Kosovo,OWID_KOS,2013,5.0277934
Kosovo,OWID_KOS,2014,5.214137
Kuwait,KWT,2001,11.407936
Kuwait,KWT,2002,13.685575
Kuwait,KWT,2009,3.6318502
Kyrgyzstan,KGZ,1995,4.5095606
Kyrgyzstan,KGZ,1997,4.4698915
Kyrgyzstan,KGZ,1998,4.6502414
Kyrgyzstan,KGZ,1999,4.4924803
Kyrgyzstan,KGZ,2000,4.4147887
Latvia,LVA,1994,5.6847315
Latvia,LVA,1998,5.471334
Latvia,LVA,1999,5.4543324
Latvia,LVA,2000,5.3607526
Latvia,LVA,2001,5.5197244
Latvia,LVA,2002,5.4149895
Latvia,LVA,2003,4.9568086
Latvia,LVA,2004,5.1358795
Latvia,LVA,2005,7.133199
Latvia,LVA,2006,7.215861
Latvia,LVA,2007,5.2057424
Latvia,LVA,2008,5.1146874
Latvia,LVA,2009,5.526376
Latvia,LVA,2010,5.6363506
Latvia,LVA,2012,5.2250013
Latvia,LVA,2013,5.0737395
Latvia,LVA,2014,5.4202423
Latvia,LVA,2015,5.4445505
Lebanon,LBN,2005,5.772672
Lebanon,LBN,2006,6.8394775
Lebanon,LBN,2008,6.6989007
Lebanon,LBN,2009,6.581645
Lebanon,LBN,2010,6.273502
Lebanon,LBN,2011,6.5967264
Lebanon,LBN,2012,6.8310266
Lebanon,LBN,2013,7.140955
Lesotho,LSO,1982,1.8900734
Lesotho,LSO,1984,1.7835923
Lesotho,LSO,1986,1.8868966
Lesotho,LSO,1995,1.8695285
Lesotho,LSO,1997,1.9574403
Lesotho,LSO,2007,2.7661595
Lesotho,LSO,2008,2.9186752
Lesotho,LSO,2009,2.7649603
Liberia,LBR,1982,2.0744846
Liberia,LBR,1984,2.025032
Liberia,LBR,1986,1.9447782
Lithuania,LTU,1994,6.545037
Lithuania,LTU,1995,5.8105564
Lithuania,LTU,1997,6.0988255
Lithuania,LTU,1998,4.629416
Lithuania,LTU,1999,4.876866
Lithuania,LTU,2000,4.637911
Lithuania,LTU,2001,4.4926686
Lithuania,LTU,2002,4.36632
Lithuania,LTU,2003,4.4873376
Lithuania,LTU,2004,4.413013
Lithuania,LTU,2005,4.375743
Lithuania,LTU,2006,4.4560595
Lithuania,LTU,2007,4.457748
Lithuania,LTU,2008,4.4450293
Lithuania,LTU,2009,4.464208
Lithuania,LTU,2010,4.466911
Lithuania,LTU,2011,4.277947
Lithuania,LTU,2012,4.1896667
Lithuania,LTU,2013,4.1835666
Lithuania,LTU,2014,4.234247
Lithuania,LTU,2015,4.0972013
Luxembourg,LUX,2001,3.8107128
Luxembourg,LUX,2002,3.929344
Luxembourg,LUX,2006,4.13983
Luxembourg,LUX,2007,4.1646295
Luxembourg,LUX,2008,4.1822367
Luxembourg,LUX,2009,4.2202787
Luxembourg,LUX,2010,4.2646027
Luxembourg,LUX,2011,4.287373
Luxembourg,LUX,2012,4.2696357
Luxembourg,LUX,2013,4.242786
Luxembourg,LUX,2014,4.2049956
Madagascar,MDG,1982,1.7831298
Madagascar,MDG,1984,1.7347898
Madagascar,MDG,1986,1.6940515
Madagascar,MDG,1990,1.2977711
Madagascar,MDG,1994,1.2337468
Madagascar,MDG,2015,1.3413191
Malawi,MWI,1982,1.580704
Malawi,MWI,1984,1.6020167
Malawi,MWI,1986,1.6005609
Malaysia,MYS,1973,4.045176
Malaysia,MYS,1982,6.3088694
Malaysia,MYS,1984,6.2201185
Malaysia,MYS,1986,5.9339256
Malaysia,MYS,1990,5.2659154
Malaysia,MYS,1994,5.1439548
Malaysia,MYS,1995,5.0136304
Malaysia,MYS,1997,4.8790536
Malaysia,MYS,1998,4.5545425
Malaysia,MYS,1999,4.48012
Malaysia,MYS,2000,4.517522
Maldives,MDV,1995,1.6286613
Maldives,MDV,1997,1.7099751
Maldives,MDV,2001,2.0042293
Maldives,MDV,2002,2.0610342
Maldives,MDV,2003,3.6460915
Maldives,MDV,2004,3.984564
Maldives,MDV,2007,1.687778
Maldives,MDV,2008,7.544199
Maldives,MDV,2009,7.886111
Maldives,MDV,2010,8.027247
Maldives,MDV,2011,8.222811
Maldives,MDV,2012,8.896104
Maldives,MDV,2013,8.97201
Malta,MLT,1982,4.863172
Malta,MLT,1984,4.7205873
Malta,MLT,1986,5.0424294
Malta,MLT,1990,6.104893
Malta,MLT,1994,6.017109
Malta,MLT,2001,5.4984074
Malta,MLT,2002,5.5357084
Malta,MLT,2003,5.6289096
Malta,MLT,2004,5.4234776
Malta,MLT,2005,5.430038
Malta,MLT,2006,5.3300405
Malta,MLT,2007,5.752609
Malta,MLT,2008,5.6020923
Malta,MLT,2009,5.4778256
Malta,MLT,2010,5.6271725
Malta,MLT,2011,5.61962
Malta,MLT,2012,5.5344553
Malta,MLT,2013,5.5869613
Malta,MLT,2014,6.04254
Malta,MLT,2015,6.1639714
Mauritius,MUS,1973,5.4367657
Mauritius,MUS,1990,7.5292435
Mauritius,MUS,1994,8.461949
Mauritius,MUS,1995,9.748665
Mauritius,MUS,1997,9.555376
Mauritius,MUS,1998,8.592934
Mauritius,MUS,1999,8.345566
Mauritius,MUS,2000,8.555146
Mauritius,MUS,2003,9.727757
Mauritius,MUS,2004,9.550347
Mauritius,MUS,2005,10.19191
Mauritius,MUS,2006,9.386575
Mauritius,MUS,2007,9.722763
Mauritius,MUS,2008,10.48059
Mauritius,MUS,2009,9.919145
Mauritius,MUS,2010,9.827576
Mauritius,MUS,2011,9.550755
Mexico,MEX,1990,1.0273243
Mexico,MEX,1994,1.0458833
Mexico,MEX,2001,5.254894
Mexico,MEX,2002,5.645839
Mexico,MEX,2003,1.1160043
Mexico,MEX,2004,1.1317863
Mexico,MEX,2005,1.1061664
Mexico,MEX,2006,1.1151211
Mexico,MEX,2007,1.1916765
Mexico,MEX,2008,2.6439004
Mexico,MEX,2009,4.6237793
Mexico,MEX,2010,4.546676
Mexico,MEX,2011,4.582728
Mexico,MEX,2012,4.514374
Mexico,MEX,2013,4.669998
Mexico,MEX,2014,4.0302467
Mexico,MEX,2015,4.009647
Moldova,MDA,1994,3.8402815
Moldova,MDA,1995,3.002939
Moldova,MDA,1997,2.8802316
Moldova,MDA,1998,4.762897
Moldova,MDA,1999,4.7063355
Moldova,MDA,2000,4.690253
Moldova,MDA,2001,4.6985126
Moldova,MDA,2002,4.799552
Moldova,MDA,2003,4.422206
Moldova,MDA,2004,4.406267
Moldova,MDA,2005,4.0215397
Moldova,MDA,2006,3.911964
Moldova,MDA,2007,3.6299238
Moldova,MDA,2008,3.4679925
Moldova,MDA,2010,3.456454
Moldova,MDA,2013,3.286876
Moldova,MDA,2014,4.1129823
Mongolia,MNG,2003,3.5686045
Mongolia,MNG,2004,3.7957788
Montenegro,MNE,2006,10.001259
Montenegro,MNE,2008,8.993919
Montenegro,MNE,2010,7.9677186
Montenegro,MNE,2011,7.650766
Montenegro,MNE,2012,7.7837462
Montenegro,MNE,2013,7.674104
Montenegro,MNE,2014,7.8429265
Montenegro,MNE,2015,7.415983
Morocco,MAR,1990,1.9780354
Morocco,MAR,1994,2.0102453
Morocco,MAR,2001,2.4356768
Morocco,MAR,2002,2.4321027
Morocco,MAR,2003,2.4656513
Morocco,MAR,2004,2.4678776
Morocco,MAR,2005,2.355516
Morocco,MAR,2006,2.4288678
Morocco,MAR,2007,2.47688
Morocco,MAR,2008,2.5436413
Morocco,MAR,2009,2.6426635
Morocco,MAR,2012,2.697025
Myanmar,MMR,2001,2.4096558
Myanmar,MMR,2002,2.3998613
Myanmar,MMR,2011,2.2953377
Myanmar,MMR,2012,2.3054242
Myanmar,MMR,2013,2.3562818
Myanmar,MMR,2014,2.3837562
Myanmar,MMR,2015,2.398775
Nepal,NPL,1975,2.0877151
Nepal,NPL,1980,2.306929
Nepal,NPL,1982,2.2958908
Nepal,NPL,1984,2.3702579
Nepal,NPL,1986,2.430367
Nepal,NPL,2001,2.9633803
Nepal,NPL,2002,2.9284434
Nepal,NPL,2005,3.1979983
Nepal,NPL,2006,3.1734996
Netherlands,NLD,1995,2.9531012
Netherlands,NLD,1997,2.9657094
Netherlands,NLD,1998,2.959801
Netherlands,NLD,1999,2.9696958
Netherlands,NLD,2000,2.982668
Netherlands,NLD,2001,3.0307636
Netherlands,NLD,2002,3.1228034
Netherlands,NLD,2003,3.3017757
Netherlands,NLD,2004,3.2367952
Netherlands,NLD,2005,3.1620274
Netherlands,NLD,2006,3.1610045
Netherlands,NLD,2007,3.1586897
Netherlands,NLD,2008,3.1563833
Netherlands,NLD,2009,4.000353
Netherlands,NLD,2010,3.9939103
Netherlands,NLD,2011,4.0304184
Netherlands,NLD,2012,4.0768204
Netherlands,NLD,2013,4.0704994
Netherlands,NLD,2014,4.050221
Netherlands,NLD,2015,3.9842963
New Zealand,NZL,1973,2.7515955
New Zealand,NZL,1975,2.4949238
New Zealand,NZL,1976,2.5666292
New Zealand,NZL,1977,2.6101532
New Zealand,NZL,1978,2.7076764
New Zealand,NZL,1979,2.7397878
New Zealand,NZL,1980,2.804427
New Zealand,NZL,1982,2.5864518
New Zealand,NZL,1984,2.580986
New Zealand,NZL,1986,2.6347842
New Zealand,NZL,1995,2.8644853
New Zealand,NZL,1997,2.806786
New Zealand,NZL,2001,2.8162608
New Zealand,NZL,2002,2.814613
New Zealand,NZL,2005,2.8246691
New Zealand,NZL,2006,2.8983893
New Zealand,NZL,2007,2.9681332
New Zealand,NZL,2008,3.0115967
New Zealand,NZL,2009,3.0531769
New Zealand,NZL,2010,3.0157676
New Zealand,NZL,2011,3.0374088
New Zealand,NZL,2012,2.992695
New Zealand,NZL,2013,2.9772182
Nicaragua,NIC,1994,2.4017608
Nicaragua,NIC,2005,2.6055913
Nicaragua,NIC,2006,2.6909418
Nicaragua,NIC,2010,2.6991065
Nigeria,NGA,2008,3.0661194
Nigeria,NGA,2009,3.222984
Nigeria,NGA,2012,3.1958933
Nigeria,NGA,2013,3.0831342
North Macedonia,MKD,1994,4.457346
North Macedonia,MKD,1998,5.1612086
North Macedonia,MKD,1999,5.6911087
North Macedonia,MKD,2000,5.770168
North Macedonia,MKD,2005,5.8025007
North Macedonia,MKD,2006,5.77793
North Macedonia,MKD,2012,6.514505
North Macedonia,MKD,2013,5.4756613
North Macedonia,MKD,2014,6.199398
Norway,NOR,1973,2.7002423
Norway,NOR,1975,2.2140305
Norway,NOR,1976,2.285098
Norway,NOR,1977,2.3410153
Norway,NOR,1978,2.3073246
Norway,NOR,1979,2.3205593
Norway,NOR,1980,2.343982
Norway,NOR,1982,2.3983712
Norway,NOR,1984,2.393928
Norway,NOR,1986,2.4388027
Norway,NOR,1998,3.3400393
Norway,NOR,1999,3.4083393
Norway,NOR,2000,3.4792657
Norway,NOR,2003,2.766102
Norway,NOR,2004,2.7789984
Norway,NOR,2005,2.6185439
Norway,NOR,2006,2.6109247
Norway,NOR,2007,2.5849984
Norway,NOR,2008,2.5739653
Norway,NOR,2009,2.5836475
Norway,NOR,2010,2.5716107
Norway,NOR,2011,2.5705354
Norway,NOR,2012,2.5823224
Norway,NOR,2013,2.6237426
Norway,NOR,2014,2.67475
Oman,OMN,1973,3.5502205
Pakistan,PAK,1973,2.920909
Pakistan,PAK,1980,2.423292
Panama,PAN,1990,5.088024
Panama,PAN,1994,5.1387386
Panama,PAN,1997,5.675132
Panama,PAN,2001,5.9120646
Panama,PAN,2002,5.799509
Panama,PAN,2006,4.309951
Panama,PAN,2007,4.6141834
Panama,PAN,2008,4.20178
Panama,PAN,2009,4.779568
Panama,PAN,2010,4.3500843
Panama,PAN,2011,4.4109373
Panama,PAN,2012,6.211337
Panama,PAN,2013,5.4543915
Papua New Guinea,PNG,1998,2.1468277
Papua New Guinea,PNG,1999,2.0862553
Papua New Guinea,PNG,2000,2.0153878
Paraguay,PRY,2005,4.1235547
Paraguay,PRY,2006,4.3151665
Paraguay,PRY,2007,3.8009644
Paraguay,PRY,2008,4.011015
Paraguay,PRY,2009,4.0687776
Paraguay,PRY,2010,3.6530316
Paraguay,PRY,2011,3.7403316
Paraguay,PRY,2012,3.6495643
Paraguay,PRY,2013,3.5305965
Paraguay,PRY,2014,3.5300195
Paraguay,PRY,2015,3.445052
Peru,PER,1973,3.141013
Peru,PER,1975,2.6701741
Peru,PER,1976,2.7159715
Peru,PER,1977,2.813154
Peru,PER,1982,3.829016
Peru,PER,1984,4.356658
Peru,PER,1986,4.864467
Peru,PER,1990,5.1878033
Peru,PER,1994,5.2159624
Peru,PER,2003,4.3305836
Peru,PER,2004,3.5819864
Peru,PER,2005,3.5468297
Peru,PER,2006,3.554959
Peru,PER,2007,3.6812508
Peru,PER,2008,3.9879148
Peru,PER,2009,4.1751394
Peru,PER,2011,4.103237
Peru,PER,2012,4.140181
Peru,PER,2013,4.146787
Peru,PER,2014,4.392745
Peru,PER,2015,4.493392
Philippines,PHL,1975,2.1491587
Philippines,PHL,1976,2.1175988
Philippines,PHL,1977,2.0926037
Philippines,PHL,1978,2.1881375
Philippines,PHL,1979,2.1695433
Philippines,PHL,1980,2.146831
Philippines,PHL,1990,2.9191046
Philippines,PHL,1994,2.5271533
Philippines,PHL,1998,2.4953394
Philippines,PHL,2000,2.4390256
Philippines,PHL,2002,2.3957863
Philippines,PHL,2004,2.3960428
Philippines,PHL,2005,2.3183677
Philippines,PHL,2006,2.3289318
Philippines,PHL,2007,2.3018415
Philippines,PHL,2008,2.31662
Philippines,PHL,2009,2.361299
Philippines,PHL,2010,2.443783
Philippines,PHL,2011,2.5146575
Philippines,PHL,2012,2.5329525
Philippines,PHL,2013,2.476074
Philippines,PHL,2014,2.5063038
Poland,POL,1995,3.5790389
Poland,POL,1997,3.6139169
Poland,POL,1998,3.5481668
Poland,POL,1999,3.585471
Poland,POL,2000,3.620758
Poland,POL,2001,3.6346946
Poland,POL,2002,3.5899308
Poland,POL,2003,3.6153677
Poland,POL,2004,3.6391861
Poland,POL,2005,3.6373074
Poland,POL,2006,3.5977902
Poland,POL,2007,3.5796316
Poland,POL,2008,3.6396852
Poland,POL,2009,3.5937312
Poland,POL,2010,3.563823
Poland,POL,2011,3.5608423
Poland,POL,2012,3.5305831
Poland,POL,2013,3.569966
Poland,POL,2014,3.59996
Poland,POL,2015,3.561186
Portugal,PRT,1975,1.120966
Portugal,PRT,1976,1.1430128
Portugal,PRT,1977,1.096873
Portugal,PRT,1980,1.1370015
Portugal,PRT,1982,1.1614243
Portugal,PRT,1984,1.1625613
Portugal,PRT,1986,1.1730336
Portugal,PRT,1995,5.360056
Portugal,PRT,1997,5.5215006
Portugal,PRT,1998,5.5346713
Portugal,PRT,1999,5.648667
Portugal,PRT,2000,5.8034215
Portugal,PRT,2001,5.4983
Portugal,PRT,2002,5.4149513
Portugal,PRT,2003,5.5827346
Portugal,PRT,2004,5.622534
Portugal,PRT,2005,5.619583
Portugal,PRT,2006,5.604322
Portugal,PRT,2007,5.563802
Portugal,PRT,2008,5.5729485
Portugal,PRT,2009,5.7389126
Portugal,PRT,2010,5.4839263
Portugal,PRT,2011,5.5402536
Portugal,PRT,2012,5.463214
Portugal,PRT,2013,5.383543
Portugal,PRT,2014,5.4421425
Portugal,PRT,2015,5.526849
Qatar,QAT,1975,16.588305
Qatar,QAT,1976,18.412222
Qatar,QAT,1977,24.716585
Qatar,QAT,1978,27.064909
Qatar,QAT,1979,27.923416
Qatar,QAT,1980,28.646685
Qatar,QAT,2003,6.152919
Qatar,QAT,2004,5.741182
Romania,ROU,1990,2.556256
Romania,ROU,1994,3.1421711
Romania,ROU,1995,3.3786087
Romania,ROU,1997,3.4176226
Romania,ROU,1998,3.3643842
Romania,ROU,1999,3.3139865
Romania,ROU,2000,3.1762717
Romania,ROU,2001,3.0183473
Romania,ROU,2002,3.1256123
Romania,ROU,2003,3.1177948
Romania,ROU,2004,3.1336257
Romania,ROU,2005,3.1986723
Romania,ROU,2006,3.3716886
Romania,ROU,2007,3.4159863
Romania,ROU,2008,3.4510324
Romania,ROU,2009,3.5077221
Romania,ROU,2010,3.575509
Romania,ROU,2011,3.4639254
Romania,ROU,2012,3.6489139
Romania,ROU,2013,3.683488
Romania,ROU,2014,3.6580608
Romania,ROU,2015,3.680597
Russia,RUS,1994,13.217829
Russia,RUS,2006,7.145962
Russia,RUS,2007,7.2651267
Russia,RUS,2008,7.3052697
Russia,RUS,2009,7.2644944
Russia,RUS,2010,6.459216
Russia,RUS,2011,6.2251782
Russia,RUS,2012,6.2131443
Russia,RUS,2013,6.195617
Russia,RUS,2014,6.209118
Russia,RUS,2015,5.768707
Rwanda,RWA,2007,1.0307982
Rwanda,RWA,2008,1.0307683
Rwanda,RWA,2009,1.0314227
Rwanda,RWA,2010,1.0386646
Rwanda,RWA,2011,1.0413966
Rwanda,RWA,2012,1.0461296
Rwanda,RWA,2013,1.0478421
Samoa,WSM,1990,3.2226996
Samoa,WSM,1994,3.7549677
Senegal,SEN,1976,1.9011616
Senegal,SEN,1977,2.0238702
Senegal,SEN,1978,2.0659995
Senegal,SEN,1979,2.0468893
Senegal,SEN,1980,2.107578
Serbia,SRB,2006,6.7910814
Serbia,SRB,2007,5.3153367
Serbia,SRB,2008,5.366807
Serbia,SRB,2009,5.445958
Serbia,SRB,2010,5.5912766
Serbia,SRB,2011,5.6976132
Serbia,SRB,2012,5.7718616
Serbia,SRB,2013,5.7303705
Serbia,SRB,2014,7.2603045
Serbia,SRB,2015,5.7933702
Seychelles,SYC,1977,11.252273
Seychelles,SYC,1978,10.39286
Seychelles,SYC,1979,9.019675
Seychelles,SYC,1980,9.338509
Sierra Leone,SLE,1975,2.146845
Sierra Leone,SLE,1976,2.3792818
Sierra Leone,SLE,1982,3.0306537
Sierra Leone,SLE,1984,3.0167954
Sierra Leone,SLE,1986,3.0054266
Sierra Leone,SLE,2007,2.743612
Sierra Leone,SLE,2008,2.7579293
Singapore,SGP,1975,3.861246
Singapore,SGP,1976,4.024858
Singapore,SGP,1977,4.016774
Singapore,SGP,1990,10.351165
Singapore,SGP,1994,10.20971
Singapore,SGP,1995,3.6100159
Singapore,SGP,1997,3.4557428
Singapore,SGP,1998,4.005194
Singapore,SGP,1999,4.1432037
Singapore,SGP,2000,4.2341914
Singapore,SGP,2003,5.1848936
Singapore,SGP,2004,5.140687
Singapore,SGP,2005,5.1860847
Singapore,SGP,2006,2.7944434
Singapore,SGP,2007,2.707057
Singapore,SGP,2008,2.6047456
Singapore,SGP,2009,2.7307017
Singapore,SGP,2010,2.7245347
Singapore,SGP,2011,2.6503694
Singapore,SGP,2012,2.6233604
Singapore,SGP,2013,2.6261783
Singapore,SGP,2014,2.658219
Singapore,SGP,2015,2.6774511
Slovakia,SVK,1994,4.52279
Slovakia,SVK,1998,4.691112
Slovakia,SVK,1999,4.681788
Slovakia,SVK,2000,4.750056
Slovakia,SVK,2001,4.8567605
Slovakia,SVK,2002,4.7638574
Slovakia,SVK,2003,4.9457517
Slovakia,SVK,2004,4.948045
Slovakia,SVK,2005,4.7764244
Slovakia,SVK,2006,4.7954206
Slovakia,SVK,2007,4.7628694
Slovakia,SVK,2008,4.7395663
Slovakia,SVK,2009,5.0520525
Slovakia,SVK,2010,4.998755
Slovakia,SVK,2011,4.923396
Slovakia,SVK,2012,5.018989
Slovakia,SVK,2013,5.138624
Slovakia,SVK,2014,5.1438375
Slovakia,SVK,2015,5.128259
Slovenia,SVN,1994,5.022231
Slovenia,SVN,1995,2.9669607
Slovenia,SVN,1997,3.5136511
Slovenia,SVN,1998,3.9611998
Slovenia,SVN,1999,4.0594363
Slovenia,SVN,2000,4.175082
Slovenia,SVN,2001,4.5751934
Slovenia,SVN,2002,4.5858073
Slovenia,SVN,2003,4.771045
Slovenia,SVN,2004,4.826717
Slovenia,SVN,2005,4.939566
Slovenia,SVN,2006,4.9150553
Slovenia,SVN,2007,4.949712
Slovenia,SVN,2008,4.848483
Slovenia,SVN,2009,4.8447413
Slovenia,SVN,2010,4.7957945
Slovenia,SVN,2011,4.7172837
Slovenia,SVN,2012,4.583097
Slovenia,SVN,2013,4.5010505
Slovenia,SVN,2014,4.401585
Slovenia,SVN,2015,4.3020144
South Africa,ZAF,1975,1.1399224
South Africa,ZAF,1976,1.1391083
South Africa,ZAF,1977,1.1428374
South Africa,ZAF,1978,1.129765
South Africa,ZAF,1979,1.1412356
South Africa,ZAF,1980,1.1582536
South Africa,ZAF,1995,4.632924
South Africa,ZAF,1997,4.2263794
South Africa,ZAF,1998,4.0728393
South Africa,ZAF,1999,3.9163058
South Africa,ZAF,2000,3.7884321
South Africa,ZAF,2001,3.2160006
South Africa,ZAF,2002,3.2309391
South Korea,KOR,1975,2.2681046
South Korea,KOR,1976,2.3379173
South Korea,KOR,1977,2.538037
South Korea,KOR,1982,2.5524335
South Korea,KOR,1984,2.4420383
South Korea,KOR,1986,2.5411568
South Korea,KOR,1990,2.866757
South Korea,KOR,1994,3.0371628
South Korea,KOR,1995,2.7882822
South Korea,KOR,1997,2.950407
South Korea,KOR,1998,2.8878517
South Korea,KOR,1999,2.942639
South Korea,KOR,2000,2.919035
South Korea,KOR,2003,2.929823
South Korea,KOR,2004,2.9238994
South Korea,KOR,2005,2.9545653
South Korea,KOR,2006,2.9782128
South Korea,KOR,2007,2.9850545
South Korea,KOR,2008,2.9880404
South Korea,KOR,2009,3.034279
South Korea,KOR,2010,3.039329
South Korea,KOR,2011,3.054965
South Korea,KOR,2012,3.049158
South Korea,KOR,2013,3.0617423
Spain,ESP,1973,4.2537203
Spain,ESP,1990,2.3550427
Spain,ESP,1994,2.2820218
Spain,ESP,1995,2.2892828
Spain,ESP,1997,2.2662442
Spain,ESP,1998,3.990299
Spain,ESP,1999,3.9112413
Spain,ESP,2000,3.8724978
Spain,ESP,2004,4.238091
Spain,ESP,2005,4.2821913
Spain,ESP,2006,4.3802943
Spain,ESP,2007,4.4455895
Spain,ESP,2008,4.5908
Spain,ESP,2009,4.7256265
Spain,ESP,2010,4.832608
Spain,ESP,2011,4.874616
Spain,ESP,2012,4.8337674
Spain,ESP,2013,4.77342
Spain,ESP,2014,4.718282
Spain,ESP,2015,4.6820197
Sri Lanka,LKA,1973,1.0972424
Sri Lanka,LKA,1975,2.226734
Sri Lanka,LKA,1976,2.1926806
Sri Lanka,LKA,1977,2.1846936
Sri Lanka,LKA,1978,2.160606
Sri Lanka,LKA,1982,2.0415897
Sri Lanka,LKA,1984,2.1141446
Sri Lanka,LKA,1986,2.4720035
Sri Lanka,LKA,1995,4.1240077
Sri Lanka,LKA,1997,4.1080356
Sri Lanka,LKA,1998,2.68026
Sri Lanka,LKA,1999,2.7600756
Sri Lanka,LKA,2000,2.8117998
Sri Lanka,LKA,2003,4.099567
Sri Lanka,LKA,2004,4.292205
Sweden,SWE,1973,2.910202
Sweden,SWE,1975,3.2257116
Sweden,SWE,1976,3.29182
Sweden,SWE,1977,3.3344731
Sweden,SWE,1978,3.3609166
Sweden,SWE,1979,3.3931482
Sweden,SWE,1980,3.4324558
Sweden,SWE,1982,3.1420345
Sweden,SWE,1984,3.1248455
Sweden,SWE,1986,3.0777009
Sweden,SWE,1990,3.80412
Sweden,SWE,1994,3.8196924
Sweden,SWE,1995,3.804936
Sweden,SWE,1997,3.5723307
Sweden,SWE,1998,2.85618
Sweden,SWE,1999,2.8289943
Sweden,SWE,2000,2.8134358
Sweden,SWE,2001,2.8120582
Sweden,SWE,2002,2.8094203
Sweden,SWE,2003,2.818663
Sweden,SWE,2004,2.8781278
Sweden,SWE,2005,2.8907874
Sweden,SWE,2006,2.918726
Sweden,SWE,2007,2.9529753
Sweden,SWE,2008,2.9871716
Sweden,SWE,2009,3.0588233
Sweden,SWE,2010,3.1637585
Sweden,SWE,2011,3.1586986
Sweden,SWE,2012,3.0894232
Sweden,SWE,2013,3.0739806
Sweden,SWE,2014,3.0679426
Sweden,SWE,2015,3.0351908
Switzerland,CHE,1976,2.9179678
Switzerland,CHE,1979,3.4143817
Switzerland,CHE,1980,3.4568758
Switzerland,CHE,1982,2.886781
Switzerland,CHE,1984,2.943381
Switzerland,CHE,1986,3.0141068
Switzerland,CHE,1990,3.4358504
Switzerland,CHE,1995,3.0104575
Switzerland,CHE,1997,3.026688
Switzerland,CHE,1998,3.0206747
Switzerland,CHE,1999,2.9815252
Switzerland,CHE,2000,3.018304
Switzerland,CHE,2001,3.0586858
Switzerland,CHE,2002,3.0380924
Switzerland,CHE,2003,3.0649948
Switzerland,CHE,2004,3.0938816
Switzerland,CHE,2005,3.2110724
Switzerland,CHE,2006,3.2246318
Switzerland,CHE,2007,3.1452453
Switzerland,CHE,2008,3.1347663
Switzerland,CHE,2009,3.202786
Switzerland,CHE,2010,3.199131
Switzerland,CHE,2011,3.181766
Switzerland,CHE,2012,3.204615
Switzerland,CHE,2013,3.2024028
Switzerland,CHE,2014,3.1760843
Switzerland,CHE,2015,3.1870992
Syria,SYR,2003,1.1148845
Syria,SYR,2004,1.107006
Tanzania,TZA,1995,2.017823
Tanzania,TZA,1997,1.7963012
Tanzania,TZA,2010,1.4767734
Tanzania,TZA,2011,1.8414575
Tanzania,TZA,2012,1.8543404
Tanzania,TZA,2013,1.8247988
Tanzania,TZA,2014,1.834211
Tanzania,TZA,2015,1.8506947
Thailand,THA,1975,3.3098764
Thailand,THA,1976,3.3735871
Thailand,THA,1977,3.3536527
Thailand,THA,1978,3.436019
Thailand,THA,1979,3.5200667
Thailand,THA,1980,3.6233537
Thailand,THA,1995,4.7233176
Thailand,THA,1997,4.715701
Thailand,THA,1998,4.768531
Thailand,THA,1999,4.6819935
Thailand,THA,2000,4.45586
Thailand,THA,2005,4.255361
Thailand,THA,2006,4.2264247
Thailand,THA,2009,4.0374227
Thailand,THA,2010,4.096547
Thailand,THA,2011,4.074363
Thailand,THA,2014,4.08818
Thailand,THA,2015,4.233977
Trinidad and Tobago,TTO,1975,4.6036053
Trinidad and Tobago,TTO,1976,4.5538263
Trinidad and Tobago,TTO,1977,4.7845383
Trinidad and Tobago,TTO,1978,4.85444
Trinidad and Tobago,TTO,1979,4.949686
Trinidad and Tobago,TTO,1980,4.891061
Trinidad and Tobago,TTO,1982,5.3271074
Trinidad and Tobago,TTO,1984,5.195722
Trinidad and Tobago,TTO,1986,5.095256
Trinidad and Tobago,TTO,2004,5.4958105
Trinidad and Tobago,TTO,2005,5.6494308
Trinidad and Tobago,TTO,2006,5.7761526
Trinidad and Tobago,TTO,2007,5.7393184
Trinidad and Tobago,TTO,2008,5.814608
Trinidad and Tobago,TTO,2009,5.9976397
Trinidad and Tobago,TTO,2010,5.5968103
Trinidad and Tobago,TTO,2011,5.697368
Trinidad and Tobago,TTO,2012,5.6102386
Trinidad and Tobago,TTO,2013,5.4116774
Trinidad and Tobago,TTO,2014,5.770824
Trinidad and Tobago,TTO,2015,5.856303
Turkey,TUR,1990,2.6142354
Turkey,TUR,1994,3.0165431
Turkey,TUR,1995,3.1554856
Turkey,TUR,1997,3.4017096
Turkey,TUR,1998,3.483175
Turkey,TUR,1999,3.555179
Turkey,TUR,2000,3.6249998
Turkey,TUR,2003,5.816658
Turkey,TUR,2004,5.8880634
Turkey,TUR,2005,5.8674765
Turkey,TUR,2006,5.7411294
Turkey,TUR,2007,5.8376274
Turkey,TUR,2008,5.886177
Turkey,TUR,2009,6.1659594
Turkey,TUR,2010,6.137268
Turkey,TUR,2011,6.062161
Turkey,TUR,2012,6.1003346
Uganda,UGA,1995,1.6959736
Uganda,UGA,2004,1.5041958
Uganda,UGA,2008,2.2252362
Uganda,UGA,2009,2.086814
Uganda,UGA,2010,2.1327198
Uganda,UGA,2011,2.1140578
Uganda,UGA,2012,2.2335377
Uganda,UGA,2013,2.136318
Uganda,UGA,2014,2.1925743
Ukraine,UKR,1994,5.1851625
Ukraine,UKR,1995,5.629438
Ukraine,UKR,1997,5.7115564
Ukraine,UKR,2003,3.6503491
Ukraine,UKR,2004,3.6935446
Ukraine,UKR,2005,4.4809995
Ukraine,UKR,2006,4.5674295
Ukraine,UKR,2008,4.709591
Ukraine,UKR,2009,4.883978
Ukraine,UKR,2010,4.852241
United Kingdom,GBR,1973,3.874853
United Kingdom,GBR,2001,3.5196605
United Kingdom,GBR,2002,3.5718317
United Kingdom,GBR,2003,3.481107
United Kingdom,GBR,2004,3.780427
United Kingdom,GBR,2005,3.766352
United Kingdom,GBR,2006,3.7474074
United Kingdom,GBR,2007,3.724059
United Kingdom,GBR,2008,3.7370362
United Kingdom,GBR,2009,3.7201855
United Kingdom,GBR,2010,3.6206076
United Kingdom,GBR,2011,3.5181904
United Kingdom,GBR,2012,3.4266448
United Kingdom,GBR,2013,3.3780167
United Kingdom,GBR,2014,3.3508682
United Kingdom,GBR,2015,3.295637
United States,USA,1973,4.038266
United States,USA,1975,2.6224341
United States,USA,1976,2.5781367
United States,USA,1977,2.6122985
United States,USA,1978,2.6142733
United States,USA,1979,2.6136901
United States,USA,1980,3.1711123
United States,USA,1982,3.2201767
United States,USA,1984,3.5929735
United States,USA,1986,3.6224842
United States,USA,1990,4.3066545
United States,USA,1994,3.9723783
United States,USA,1995,3.4764266
United States,USA,1997,3.515472
United States,USA,1999,3.4295192
United States,USA,2001,4.255649
United States,USA,2002,4.272102
United States,USA,2003,3.2881005
United States,USA,2004,3.307793
United States,USA,2005,3.277862
United States,USA,2006,3.2903554
United States,USA,2007,3.3232985
United States,USA,2008,3.3300989
United States,USA,2009,3.3042753
United States,USA,2010,3.2790232
United States,USA,2011,3.2406528
United States,USA,2012,3.1343942
United States,USA,2013,2.980875
United States,USA,2014,2.9693747
United States,USA,2015,2.9758642
Uruguay,URY,1982,8.962126
Uruguay,URY,1984,8.789767
Uruguay,URY,1986,8.847438
Uruguay,URY,1990,9.571222
Uruguay,URY,1994,9.219954
Uruguay,URY,2001,6.3213906
Uruguay,URY,2002,6.4614577
Uruguay,URY,2003,6.107292
Uruguay,URY,2004,6.074162
Uruguay,URY,2010,7.6879764
Uruguay,URY,2011,7.6779695
Uruguay,URY,2012,7.8085604
Uruguay,URY,2013,7.869781
Uruguay,URY,2014,7.7018256
Uruguay,URY,2015,7.766612
Venezuela,VEN,2001,1.150902
Venezuela,VEN,2002,1.1560771
West Germany,OWID_GFR,1973,4.302861
Zambia,ZMB,1975,3.1308894
Zambia,ZMB,1976,3.238735
Zambia,ZMB,1978,2.8631737
Zambia,ZMB,1979,2.8274503
Zambia,ZMB,1990,2.371659
Zambia,ZMB,1994,2.1387196
Zambia,ZMB,1998,2.1534345
Zambia,ZMB,1999,2.2244925
Zambia,ZMB,2000,2.2674017
Zimbabwe,ZWE,1982,3.0411878
Zimbabwe,ZWE,1984,2.9328468
Zimbabwe,ZWE,1986,2.8527524
Zimbabwe,ZWE,1997,2.619484
Zimbabwe,ZWE,1999,2.4704401
Zimbabwe,ZWE,2000,2.6423202
Zimbabwe,ZWE,2003,2.6772137
Zimbabwe,ZWE,2004,2.813515
Zimbabwe,ZWE,2005,2.9684365
Zimbabwe,ZWE,2006,3.1255426
Zimbabwe,ZWE,2007,3.1193738
Zimbabwe,ZWE,2008,3.1319757